<?xml version="1.0" encoding="UTF-8" ?>
<!DOCTYPE struts PUBLIC
    "-//Apache Software Foundation//DTD Struts Configuration 2.0//EN"
    "http://struts.apache.org/dtds/struts-2.0.dtd">
 
<struts>
    <constant name="struts.enable.DynamicMethodInvocation"
        value="false" />
    <constant name="struts.devMode" value="false" />
    <constant name="struts.custom.i18n.resources"
        value="ApplicationResources" />
 
    <package name="default" extends="struts-default" namespace="/">
        <action name="login" class="com.hostel21.action.LoginAction">
            <result name="success">Availability.jsp</result>
            <result name="error">Login.jsp</result>
        </action>

        
        <action name="search"
            class="com.hostel21.action.BookingAction" method="search">
            <result name="success">Search.jsp</result>
            <result name="error">Search.jsp</result>
        </action>
        
        <action name="confirmBooking" class="com.hostel21.action.BookingAction" method="confirm">
            <result name="success">Booking.jsp</result>
            <result name="error">Search.jsp</result>
        </action>
        
		<action name="saveBooking" class="com.hostel21.action.BookingAction" method="save">
            <result name="success">Confirmation.jsp</result>
            <result name="error">Booking.jsp</result>
		</action>    
		
		<action name="searchBooking" class="com.hostel21.action.BookingAction" method="searchBooking">
            <result name="details">Confirmation.jsp</result>
            <result name="error">ManageBooking.jsp</result>
            <result name="bookingList">BookingList.jsp</result>
		</action> 		
        
		<action name="cancelBooking" class="com.hostel21.action.BookingAction" method="cancel">
            <result name="success">Confirmation.jsp</result>
            <result name="error">Confirmation.jsp</result>
		</action> 		
		
		<action name="report" class="com.hostel21.action.ReportAction">
            <result name="success">Report.jsp</result>
            <result name="error">Report.jsp</result>
		</action> 		

		<action name="availability" class="com.hostel21.action.AvailabilityAction">
            <result name="success">Availability.jsp</result>
            <result name="error">Availability.jsp</result>
		</action> 	
		
		</package>
</struts>