<?xml version="1.0" encoding="ISO-8859-1"?>
<hostel>
	<name>Hostel 21 - Golden Gate</name>
	<address>
		<street>425 North Point</street>
		<city>San Francisco</city>
		<state>California</state>
		<postal_code>94133</postal_code>
		<country>USA</country>
	</address>
	<contact>
		<phone>+1-555-555-6789</phone>
		<email>golden-gate@hostel21.com</email>
		<facebook>hostel21-golden-gate</facebook>
		<web>golden-gate.hostel21.com</web>
	</contact>
	<restrictions>
		<check_in_time>15:00</check_in_time>
		<check_out_time>11:00</check_out_time>
		<smoking>N</smoking>
		<alcohol>N</alcohol>
		<cancellation_deadline>7500</cancellation_deadline>
		<cancellation_penalty>50%</cancellation_penalty>
	</restrictions>
	<availability>
		<date>20140701</date>
		<room>1</room>
		<bed>1</bed>
		<price>10</price>
	</availability>
	<availability>
		<date>20140701</date>
		<room>1</room>
		<bed>2</bed>
		<price>10</price>
	</availability>
	<availability>
		<date>20140701</date>
		<room>1</room>
		<bed>3</bed>
		<price>12</price>
	</availability>	
	<availability>
		<date>20140702</date>
		<room>1</room>
		<bed>1</bed>
		<price>10</price>
	</availability>
	<availability>
		<date>20140702</date>
		<room>1</room>
		<bed>2</bed>
		<price>11</price>
	</availability>
	<availability>
		<date>20140702</date>
		<room>1</room>
		<bed>3</bed>
		<price>12</price>
	</availability>	
	<availability>
		<date>20140703</date>
		<room>1</room>
		<bed>1</bed>
		<price>15</price>
	</availability>
	<availability>
		<date>20140703</date>
		<room>1</room>
		<bed>2</bed>
		<price>15</price>
	</availability>
	<availability>
		<date>20140703</date>
		<room>1</room>
		<bed>3</bed>
		<price>17</price>
	</availability>	
	<availability>
		<date>20140704</date>
		<room>1</room>
		<bed>1</bed>
		<price>14</price>
	</availability>
	<availability>
		<date>20140704</date>
		<room>1</room>
		<bed>2</bed>
		<price>14</price>
	</availability>
	<availability>
		<date>20140704</date>
		<room>1</room>
		<bed>3</bed>
		<price>18</price>
	</availability>
		<availability>
		<date>20140705</date>
		<room>1</room>
		<bed>1</bed>
		<price>19</price>
	</availability>
	<availability>
		<date>20140705</date>
		<room>1</room>
		<bed>2</bed>
		<price>19</price>
	</availability>
</hostel>
		
		

